column,count,null_count,bool_count,numeric_count,max,mean,min,stddev,nunique_numbers,nunique_numbers_lower,nunique_numbers_upper,inferred_dtype,dtype_fraction,type_unknown_count,type_null_count,type_fractional_count,type_integral_count,type_boolean_count,type_string_count,nunique_str,nunique_str_lower,ununique_str_upper,quantile_0.0000,quantile_0.0100,quantile_0.0500,quantile_0.2500,quantile_0.5000,quantile_0.7500,quantile_0.9500,quantile_0.9900,quantile_1.0000
policy_code,99999.0,0.0,0.0,99999.0,1.0,1.0,1.0,0.0,1.0,1.0,1.0,2.0,1.0,0.0,0.0,99999.0,0.0,0.0,0.0,0.0,0.0,0.0,1.0,1.0,1.0,1.0,1.0,1.0,1.0,1.0,1.0
total_rec_int,99999.0,0.0,0.0,99999.0,24125.83,2797.5923249232146,0.0,2775.0591031663876,84555.85825662455,83266.11141918905,85865.40593233709,2.0,1.0,0.0,0.0,99999.0,0.0,0.0,0.0,0.0,0.0,0.0,0.0,86.05000305175781,283.54998779296875,929.219970703125,1839.010009765625,3759.760009765625,8556.240234375,13323.23046875,24125.830078125
mths_since_last_delinq,99999.0,0.0,0.0,51806.0,157.0,34.059973748214496,0.0,21.976570453685206,118.0,118.0,118.0,2.0,0.5180651806518065,0.0,48193.0,51806.0,0.0,0.0,0.0,0.0,0.0,0.0,0.0,2.0,5.0,15.0,31.0,50.0,74.0,81.0,157.0
max_bal_bc,99999.0,0.0,0.0,21372.0,127305.0,5887.979739846528,0.0,5284.701239120251,10679.632233524042,10547.619768336057,10813.268023907302,1.0,0.7862778627786278,0.0,78627.0,21372.0,0.0,0.0,0.0,0.0,0.0,0.0,0.0,0.0,520.0,2436.0,4480.0,7762.0,16423.0,23332.0,127305.0
orig_projected_additional_accrued_interest,99999.0,0.0,0.0,621.0,1914.39,377.65652173913037,1.92,305.26946752137763,611.0,611.0,611.0,1.0,0.993789937899379,0.0,99378.0,621.0,0.0,0.0,0.0,0.0,0.0,0.0,1.9199999570846558,25.40999984741211,53.72999954223633,141.2100067138672,301.5299987792969,518.6699829101562,964.9199829101562,1383.6600341796875,1914.3900146484375
installment,99999.0,0.0,0.0,99999.0,1354.66,434.55239542391763,14.77,246.20429024216176,17841.0250151158,17595.351817744275,18090.083799237458,2.0,1.0,0.0,0.0,99999.0,0.0,0.0,0.0,0.0,0.0,0.0,14.770000457763672,50.41999816894531,115.76000213623047,256.739990234375,377.0400085449219,570.1599731445312,900.3499755859375,1162.3399658203125,1354.6600341796875
hardship_amount,99999.0,0.0,0.0,781.0,638.13,128.11033290653006,0.64,103.19940442280841,766.0,766.0,766.0,1.0,0.992189921899219,0.0,99218.0,781.0,0.0,0.0,0.0,0.0,0.0,0.0,0.6399999856948853,8.0,17.739999771118164,48.13999938964844,102.11000061035156,176.57000732421875,323.45001220703125,489.7900085449219,638.1300048828125
tot_coll_amt,99999.0,0.0,0.0,99999.0,169257.0,267.82657826578264,0.0,2094.3453686475905,4010.0,4010.0,4010.0,2.0,1.0,0.0,0.0,99999.0,0.0,0.0,0.0,0.0,0.0,0.0,0.0,0.0,0.0,0.0,0.0,0.0,939.0,5234.0,169257.0
hardship_status,99999.0,0.0,0.0,0.0,0.0,0.0,0.0,0.0,0.0,0.0,0.0,1.0,0.992189921899219,0.0,99218.0,0.0,0.0,0.0,781.0,3.0,3.0,3.0,,,,,,,,,
inq_fi,99999.0,0.0,0.0,21372.0,17.0,0.9439453490548381,0.0,1.4468715236471814,18.0,18.0,18.0,1.0,0.7862778627786278,0.0,78627.0,21372.0,0.0,0.0,0.0,0.0,0.0,0.0,0.0,0.0,0.0,0.0,0.0,1.0,4.0,6.0,17.0
term,99999.0,0.0,0.0,0.0,0.0,0.0,0.0,0.0,0.0,0.0,0.0,5.0,1.0,0.0,0.0,0.0,0.0,0.0,99999.0,2.0,2.0,2.0,,,,,,,,,
loan_amnt,99999.0,0.0,0.0,99999.0,35000.0,15055.771557715578,1000.0,8641.834364906523,1350.0,1350.0,1350.0,2.0,1.0,0.0,0.0,99999.0,0.0,0.0,0.0,0.0,0.0,0.0,1000.0,2000.0,3600.0,8000.0,14000.0,20000.0,33425.0,35000.0,35000.0
hardship_type,99999.0,0.0,0.0,0.0,0.0,0.0,0.0,0.0,0.0,0.0,0.0,1.0,0.992189921899219,0.0,99218.0,0.0,0.0,0.0,781.0,1.0,1.0,1.0,,,,,,,,,
num_rev_tl_bal_gt_0,99999.0,0.0,0.0,99999.0,43.0,5.711247112471125,0.0,3.3328748498587863,39.0,39.0,39.0,2.0,1.0,0.0,0.0,99999.0,0.0,0.0,0.0,0.0,0.0,0.0,0.0,1.0,2.0,3.0,5.0,7.0,12.0,18.0,43.0
loan_status,99999.0,0.0,0.0,0.0,0.0,0.0,0.0,0.0,0.0,0.0,0.0,5.0,1.0,0.0,0.0,0.0,0.0,0.0,99999.0,7.0,7.0,7.0,,,,,,,,,
hardship_last_payment_amount,99999.0,0.0,0.0,781.0,926.41,187.4736235595392,0.02,179.41040508674908,764.0,764.0,764.0,1.0,0.992189921899219,0.0,99218.0,781.0,0.0,0.0,0.0,0.0,0.0,0.0,0.019999999552965164,0.10999999940395355,0.7099999785423279,46.7599983215332,138.30999755859375,279.17999267578125,577.47998046875,764.1500244140625,926.4099731445312
num_tl_90g_dpd_24m,99999.0,0.0,0.0,99999.0,30.0,0.0943109431094311,0.0,0.5153841745458397,17.0,17.0,17.0,2.0,1.0,0.0,0.0,99999.0,0.0,0.0,0.0,0.0,0.0,0.0,0.0,0.0,0.0,0.0,0.0,0.0,1.0,2.0,30.0
last_fico_range_high,99999.0,0.0,0.0,99999.0,850.0,678.4728047280473,0.0,79.38822348261166,72.0,72.0,72.0,2.0,1.0,0.0,0.0,99999.0,0.0,0.0,0.0,0.0,0.0,0.0,0.0,499.0,524.0,634.0,694.0,734.0,794.0,824.0,850.0
mths_since_last_record,99999.0,0.0,0.0,17804.0,120.0,65.4164232756684,0.0,23.62342490941163,121.0,121.0,121.0,1.0,0.8219582195821958,0.0,82195.0,17804.0,0.0,0.0,0.0,0.0,0.0,0.0,0.0,7.0,21.0,51.0,67.0,81.0,104.0,115.0,120.0
sec_app_revol_util,99999.0,0.0,0.0,0.0,0.0,0.0,0.0,0.0,0.0,0.0,0.0,1.0,1.0,0.0,99999.0,0.0,0.0,0.0,0.0,0.0,0.0,0.0,,,,,,,,,
mths_since_recent_bc,99999.0,0.0,0.0,99056.0,524.0,24.79682199967695,0.0,32.243738349619775,337.0,337.0,337.0,2.0,0.990569905699057,0.0,943.0,99056.0,0.0,0.0,0.0,0.0,0.0,0.0,0.0,1.0,2.0,6.0,14.0,29.0,95.0,160.0,524.0
pub_rec_bankruptcies,99999.0,0.0,0.0,99999.0,8.0,0.13387133871338713,0.0,0.3873650021870016,8.0,8.0,8.0,2.0,1.0,0.0,0.0,99999.0,0.0,0.0,0.0,0.0,0.0,0.0,0.0,0.0,0.0,0.0,0.0,0.0,1.0,2.0,8.0
last_credit_pull_d,99999.0,0.0,0.0,0.0,0.0,0.0,0.0,0.0,0.0,0.0,0.0,5.0,0.999969999699997,0.0,3.0,0.0,0.0,0.0,99996.0,42.0,42.0,42.0,,,,,,,,,
num_sats,99999.0,0.0,0.0,99999.0,67.0,11.892828928289283,1.0,5.665556146290829,58.0,58.0,58.0,2.0,1.0,0.0,0.0,99999.0,0.0,0.0,0.0,0.0,0.0,0.0,1.0,3.0,5.0,8.0,11.0,15.0,22.0,29.0,67.0
total_il_high_credit_limit,99999.0,0.0,0.0,99999.0,2101913.0,44712.68534685347,0.0,45135.36522502286,56612.66338956455,55759.719152659985,57478.53307505083,2.0,1.0,0.0,0.0,99999.0,0.0,0.0,0.0,0.0,0.0,0.0,0.0,0.0,0.0,16170.0,34378.0,59960.0,124915.0,225170.0,2101913.0
tax_liens,99999.0,0.0,0.0,99999.0,85.0,0.06705067050670507,0.0,0.5189986895314127,21.0,21.0,21.0,2.0,1.0,0.0,0.0,99999.0,0.0,0.0,0.0,0.0,0.0,0.0,0.0,0.0,0.0,0.0,0.0,0.0,0.0,2.0,85.0
pub_rec,99999.0,0.0,0.0,99999.0,86.0,0.23852238522385225,0.0,0.7104771187245419,23.0,23.0,23.0,2.0,1.0,0.0,0.0,99999.0,0.0,0.0,0.0,0.0,0.0,0.0,0.0,0.0,0.0,0.0,0.0,0.0,1.0,3.0,86.0
delinq_amnt,99999.0,0.0,0.0,99999.0,88216.0,14.510285102851029,0.0,766.5952024215954,341.0,341.0,341.0,2.0,1.0,0.0,0.0,99999.0,0.0,0.0,0.0,0.0,0.0,0.0,0.0,0.0,0.0,0.0,0.0,0.0,0.0,0.0,88216.0
sec_app_inq_last_6mths,99999.0,0.0,0.0,0.0,0.0,0.0,0.0,0.0,0.0,0.0,0.0,1.0,1.0,0.0,99999.0,0.0,0.0,0.0,0.0,0.0,0.0,0.0,,,,,,,,,
title,99999.0,0.0,0.0,0.0,0.0,0.0,0.0,0.0,0.0,0.0,0.0,5.0,0.998679986799868,0.0,132.0,0.0,0.0,0.0,99867.0,13.0,13.0,13.0,,,,,,,,,
num_bc_tl,99999.0,0.0,0.0,99999.0,65.0,7.966179661796618,0.0,4.795057460310823,48.0,48.0,48.0,2.0,1.0,0.0,0.0,99999.0,0.0,0.0,0.0,0.0,0.0,0.0,0.0,1.0,2.0,5.0,7.0,10.0,17.0,24.0,65.0
desc,99999.0,0.0,0.0,0.0,0.0,0.0,0.0,0.0,0.0,0.0,0.0,1.0,0.999939999399994,0.0,99993.0,0.0,0.0,0.0,6.0,7.0,7.0,7.0,,,,,,,,,
annual_inc,99999.0,0.0,0.0,99999.0,9000000.0,78371.1666471664,0.0,89296.54619414225,7942.586416218148,7855.225218318329,8030.8972646000275,2.0,1.0,0.0,0.0,99999.0,0.0,0.0,0.0,0.0,0.0,0.0,0.0,18384.0,28000.0,48000.0,65000.0,93000.0,160000.0,250000.0,9000000.0
last_fico_range_low,99999.0,0.0,0.0,99999.0,845.0,662.89957899579,0.0,126.69333960303041,71.0,71.0,71.0,2.0,1.0,0.0,0.0,99999.0,0.0,0.0,0.0,0.0,0.0,0.0,0.0,0.0,520.0,630.0,690.0,730.0,790.0,815.0,845.0
sec_app_mort_acc,99999.0,0.0,0.0,0.0,0.0,0.0,0.0,0.0,0.0,0.0,0.0,1.0,1.0,0.0,99999.0,0.0,0.0,0.0,0.0,0.0,0.0,0.0,,,,,,,,,
funded_amnt_inv,99999.0,0.0,0.0,99999.0,35000.0,15047.017970179702,900.0,8636.869628541694,1354.0,1354.0,1354.0,2.0,1.0,0.0,0.0,99999.0,0.0,0.0,0.0,0.0,0.0,0.0,900.0,1500.0,3500.0,8000.0,13750.0,20000.0,32050.0,35000.0,35000.0
num_tl_op_past_12m,99999.0,0.0,0.0,99999.0,30.0,2.1890418904189044,0.0,1.8782848772528666,26.0,26.0,26.0,2.0,1.0,0.0,0.0,99999.0,0.0,0.0,0.0,0.0,0.0,0.0,0.0,0.0,0.0,1.0,2.0,3.0,6.0,8.0,30.0
mths_since_recent_revol_delinq,99999.0,0.0,0.0,35910.0,157.0,35.57062099693679,0.0,22.693776733742176,127.0,127.0,127.0,1.0,0.6408964089640896,0.0,64089.0,35910.0,0.0,0.0,0.0,0.0,0.0,0.0,0.0,1.0,5.0,16.0,32.0,52.0,76.0,81.0,157.0
sec_app_open_acc,99999.0,0.0,0.0,0.0,0.0,0.0,0.0,0.0,0.0,0.0,0.0,1.0,1.0,0.0,99999.0,0.0,0.0,0.0,0.0,0.0,0.0,0.0,,,,,,,,,
recoveries,99999.0,0.0,0.0,99999.0,33407.16,220.20351523515325,0.0,940.6694300118673,11007.795781535358,10870.510965956613,11146.78468396401,2.0,1.0,0.0,0.0,99999.0,0.0,0.0,0.0,0.0,0.0,0.0,0.0,0.0,0.0,0.0,0.0,0.0,1594.0,4411.22021484375,33407.16015625
num_tl_30dpd,99999.0,0.0,0.0,99999.0,4.0,0.0042700427004270045,0.0,0.07008469986360959,5.0,5.0,5.0,2.0,1.0,0.0,0.0,99999.0,0.0,0.0,0.0,0.0,0.0,0.0,0.0,0.0,0.0,0.0,0.0,0.0,0.0,0.0,4.0
funded_amnt,99999.0,0.0,0.0,99999.0,35000.0,15055.771557715578,1000.0,8641.834364906523,1350.0,1350.0,1350.0,2.0,1.0,0.0,0.0,99999.0,0.0,0.0,0.0,0.0,0.0,0.0,1000.0,1650.0,3600.0,8000.0,14000.0,20000.0,33600.0,35000.0,35000.0
avg_cur_bal,99999.0,0.0,0.0,99999.0,368205.0,13285.574725747258,0.0,15849.150394061331,34019.42433264141,33519.91384215509,34526.30120042521,2.0,1.0,0.0,0.0,99999.0,0.0,0.0,0.0,0.0,0.0,0.0,0.0,603.0,1221.0,3299.0,7556.0,18324.0,42698.0,73488.0,368205.0
sec_app_mths_since_last_major_derog,99999.0,0.0,0.0,0.0,0.0,0.0,0.0,0.0,0.0,0.0,0.0,1.0,1.0,0.0,99999.0,0.0,0.0,0.0,0.0,0.0,0.0,0.0,,,,,,,,,
num_tl_120dpd_2m,99999.0,0.0,0.0,94807.0,2.0,0.0006750556393515247,0.0,0.026773092412007194,3.0,3.0,3.0,2.0,0.948079480794808,0.0,5192.0,94807.0,0.0,0.0,0.0,0.0,0.0,0.0,0.0,0.0,0.0,0.0,0.0,0.0,0.0,0.0,2.0
disbursement_method,99999.0,0.0,0.0,0.0,0.0,0.0,0.0,0.0,0.0,0.0,0.0,5.0,1.0,0.0,0.0,0.0,0.0,0.0,99999.0,1.0,1.0,1.0,,,,,,,,,
dti,99999.0,0.0,0.0,99997.0,999.0,19.25095732872007,0.0,9.627277456550113,4067.0,4067.0,4067.0,2.0,0.999979999799998,0.0,2.0,99997.0,0.0,0.0,0.0,0.0,0.0,0.0,0.0,1.9800000190734863,5.380000114440918,12.470000267028809,18.639999389648438,25.3799991607666,34.15999984741211,37.95000076293945,999.0
id,99999.0,0.0,0.0,0.0,0.0,0.0,0.0,0.0,0.0,0.0,0.0,3.0,1.0,0.0,0.0,0.0,99999.0,0.0,0.0,0.0,0.0,0.0,,,,,,,,,
sec_app_earliest_cr_line,99999.0,0.0,0.0,0.0,0.0,0.0,0.0,0.0,0.0,0.0,0.0,1.0,1.0,0.0,99999.0,0.0,0.0,0.0,0.0,0.0,0.0,0.0,,,,,,,,,
verification_status,99999.0,0.0,0.0,0.0,0.0,0.0,0.0,0.0,0.0,0.0,0.0,5.0,1.0,0.0,0.0,0.0,0.0,0.0,99999.0,3.0,3.0,3.0,,,,,,,,,
total_rec_prncp,99999.0,0.0,0.0,99999.0,35000.0,12135.989921399294,0.0,8319.922247641236,25945.849267945137,25572.832215390958,26324.24616903135,2.0,1.0,0.0,0.0,99999.0,0.0,0.0,0.0,0.0,0.0,0.0,0.0,557.7100219726562,1729.780029296875,5806.240234375,10000.0,16000.0,29400.0,35000.0,35000.0
annual_inc_joint,99999.0,0.0,0.0,502.0,500000.0,110402.9580079681,17950.0,52825.302372236445,304.0,304.0,304.0,1.0,0.994979949799498,0.0,99497.0,502.0,0.0,0.0,0.0,0.0,0.0,0.0,17950.0,32760.0,49322.0,77000.0,102000.0,133545.0,191300.0,340000.0,500000.0
total_acc,99999.0,0.0,0.0,99999.0,135.0,25.261532615326153,4.0,12.11179199314529,108.0,108.0,108.0,2.0,1.0,0.0,0.0,99999.0,0.0,0.0,0.0,0.0,0.0,0.0,4.0,5.0,9.0,16.0,24.0,32.0,47.0,62.0,135.0
open_acc_6m,99999.0,0.0,0.0,21372.0,14.0,1.1090211491671347,0.0,1.242675056210332,13.0,13.0,13.0,1.0,0.7862778627786278,0.0,78627.0,21372.0,0.0,0.0,0.0,0.0,0.0,0.0,0.0,0.0,0.0,0.0,1.0,2.0,3.0,5.0,14.0
settlement_amount,99999.0,0.0,0.0,2949.0,23105.58,4935.5991590369595,186.0,3494.1211273572158,2774.0,2774.0,2774.0,1.0,0.9705097050970509,0.0,97050.0,2949.0,0.0,0.0,0.0,0.0,0.0,0.0,186.0,347.760009765625,700.0,2103.0,4251.72021484375,6878.0,11654.0,14969.5703125,23105.580078125
dti_joint,99999.0,0.0,0.0,500.0,43.86,18.24994000000001,3.0,7.194795839406524,444.0,444.0,444.0,1.0,0.9949999499995,0.0,99499.0,500.0,0.0,0.0,0.0,0.0,0.0,0.0,3.0,4.550000190734863,7.460000038146973,13.1899995803833,17.600000381469727,22.649999618530273,31.510000228881836,37.810001373291016,43.86000061035156
settlement_status,99999.0,0.0,0.0,0.0,0.0,0.0,0.0,0.0,0.0,0.0,0.0,1.0,0.9705097050970509,0.0,97050.0,0.0,0.0,0.0,2949.0,3.0,3.0,3.0,,,,,,,,,
issue_d,99999.0,0.0,0.0,0.0,0.0,0.0,0.0,0.0,0.0,0.0,0.0,5.0,1.0,0.0,0.0,0.0,0.0,0.0,99999.0,3.0,3.0,3.0,,,,,,,,,
sec_app_chargeoff_within_12_mths,99999.0,0.0,0.0,0.0,0.0,0.0,0.0,0.0,0.0,0.0,0.0,1.0,1.0,0.0,99999.0,0.0,0.0,0.0,0.0,0.0,0.0,0.0,,,,,,,,,
settlement_percentage,99999.0,0.0,0.0,2949.0,97.66,47.16637165140716,20.0,5.713345020371275,264.0,264.0,264.0,1.0,0.9705097050970509,0.0,97050.0,2949.0,0.0,0.0,0.0,0.0,0.0,0.0,20.0,35.06999969482422,40.0,45.0,45.0,50.0,60.0,65.0,97.66000366210938
settlement_date,99999.0,0.0,0.0,0.0,0.0,0.0,0.0,0.0,0.0,0.0,0.0,1.0,0.9705097050970509,0.0,97050.0,0.0,0.0,0.0,2949.0,35.0,35.0,35.0,,,,,,,,,
mths_since_recent_inq,99999.0,0.0,0.0,89229.0,24.0,6.64888096919163,0.0,5.859930778567272,25.0,25.0,25.0,2.0,0.8922989229892299,0.0,10770.0,89229.0,0.0,0.0,0.0,0.0,0.0,0.0,0.0,0.0,0.0,2.0,5.0,10.0,19.0,22.0,24.0
hardship_payoff_balance_amount,99999.0,0.0,0.0,781.0,29401.04,10246.053239436618,55.73,6362.4718227039475,781.0,781.0,781.0,1.0,0.992189921899219,0.0,99218.0,781.0,0.0,0.0,0.0,0.0,0.0,0.0,55.72999954223633,845.3599853515625,1695.0,5049.47021484375,9200.9296875,14699.8701171875,21972.599609375,28479.58984375,29401.0390625
num_accts_ever_120_pd,99999.0,0.0,0.0,99999.0,32.0,0.5235152351523515,0.0,1.3332066936702411,29.0,29.0,29.0,2.0,1.0,0.0,0.0,99999.0,0.0,0.0,0.0,0.0,0.0,0.0,0.0,0.0,0.0,0.0,0.0,0.0,3.0,7.0,32.0
inq_last_6mths,99999.0,0.0,0.0,99999.0,5.0,0.5857458574585745,0.0,0.8757285877847121,6.0,6.0,6.0,2.0,1.0,0.0,0.0,99999.0,0.0,0.0,0.0,0.0,0.0,0.0,0.0,0.0,0.0,0.0,0.0,1.0,2.0,4.0,5.0
tot_cur_bal,99999.0,0.0,0.0,99999.0,3608951.0,142164.48376483764,0.0,157619.39547701975,83091.57664380247,81824.71568627658,84377.87815529059,2.0,1.0,0.0,0.0,99999.0,0.0,0.0,0.0,0.0,0.0,0.0,0.0,3886.0,9791.0,31623.0,81697.0,210189.0,436668.0,721173.0,3608951.0
mths_since_rcnt_il,99999.0,0.0,0.0,20810.0,363.0,20.91268620855358,0.0,27.209081261092894,201.0,201.0,201.0,1.0,0.7918979189791898,0.0,79189.0,20810.0,0.0,0.0,0.0,0.0,0.0,0.0,0.0,1.0,2.0,6.0,12.0,23.0,87.0,138.0,363.0
next_pymnt_d,99999.0,0.0,0.0,0.0,0.0,0.0,0.0,0.0,0.0,0.0,0.0,1.0,0.8789187891878919,0.0,87891.0,0.0,0.0,0.0,12108.0,3.0,3.0,3.0,,,,,,,,,
open_il_12m,99999.0,0.0,0.0,21372.0,12.0,0.7616507580011229,0.0,0.9960346479644245,12.0,12.0,12.0,1.0,0.7862778627786278,0.0,78627.0,21372.0,0.0,0.0,0.0,0.0,0.0,0.0,0.0,0.0,0.0,0.0,0.0,1.0,3.0,4.0,12.0
delinq_2yrs,99999.0,0.0,0.0,99999.0,30.0,0.34976349763497633,0.0,0.9227696078340375,19.0,19.0,19.0,2.0,1.0,0.0,0.0,99999.0,0.0,0.0,0.0,0.0,0.0,0.0,0.0,0.0,0.0,0.0,0.0,0.0,2.0,4.0,30.0
num_actv_bc_tl,99999.0,0.0,0.0,99999.0,29.0,3.7067070670706705,0.0,2.3282565432683233,28.0,28.0,28.0,2.0,1.0,0.0,0.0,99999.0,0.0,0.0,0.0,0.0,0.0,0.0,0.0,0.0,1.0,2.0,3.0,5.0,8.0,11.0,29.0
debt_settlement_flag_date,99999.0,0.0,0.0,0.0,0.0,0.0,0.0,0.0,0.0,0.0,0.0,1.0,0.9705097050970509,0.0,97050.0,0.0,0.0,0.0,2949.0,33.0,33.0,33.0,,,,,,,,,
num_rev_accts,99999.0,0.0,0.0,99998.0,118.0,14.635422708454168,2.0,8.278884722883264,80.0,80.0,80.0,2.0,0.999989999899999,0.0,1.0,99998.0,0.0,0.0,0.0,0.0,0.0,0.0,2.0,3.0,4.0,9.0,13.0,19.0,31.0,42.0,118.0
revol_util,99999.0,0.0,0.0,99962.0,152.5,52.4987355194982,0.0,24.13460720034472,1122.0,1122.0,1122.0,2.0,0.999629996299963,0.0,37.0,99962.0,0.0,0.0,0.0,0.0,0.0,0.0,0.0,2.799999952316284,12.800000190734863,34.29999923706055,52.5,71.0,92.9000015258789,98.9000015258789,152.5
initial_list_status,99999.0,0.0,0.0,0.0,0.0,0.0,0.0,0.0,0.0,0.0,0.0,5.0,1.0,0.0,0.0,0.0,0.0,0.0,99999.0,2.0,2.0,2.0,,,,,,,,,
hardship_start_date,99999.0,0.0,0.0,0.0,0.0,0.0,0.0,0.0,0.0,0.0,0.0,1.0,0.992189921899219,0.0,99218.0,0.0,0.0,0.0,781.0,25.0,25.0,25.0,,,,,,,,,
mths_since_recent_bc_dlq,99999.0,0.0,0.0,25427.0,189.0,39.38565304597475,0.0,23.09574009086891,123.0,123.0,123.0,1.0,0.7457274572745728,0.0,74572.0,25427.0,0.0,0.0,0.0,0.0,0.0,0.0,0.0,2.0,6.0,20.0,37.0,59.0,77.0,84.0,189.0
member_id,99999.0,0.0,0.0,0.0,0.0,0.0,0.0,0.0,0.0,0.0,0.0,1.0,1.0,0.0,99999.0,0.0,0.0,0.0,0.0,0.0,0.0,0.0,,,,,,,,,
purpose,99999.0,0.0,0.0,0.0,0.0,0.0,0.0,0.0,0.0,0.0,0.0,5.0,1.0,0.0,0.0,0.0,0.0,0.0,99999.0,12.0,12.0,12.0,,,,,,,,,
num_op_rev_tl,99999.0,0.0,0.0,99999.0,66.0,8.381063810638107,0.0,4.70485010777273,52.0,52.0,52.0,2.0,1.0,0.0,0.0,99999.0,0.0,0.0,0.0,0.0,0.0,0.0,0.0,2.0,3.0,5.0,7.0,11.0,18.0,25.0,66.0
verification_status_joint,99999.0,0.0,0.0,0.0,0.0,0.0,0.0,0.0,0.0,0.0,0.0,1.0,0.994979949799498,0.0,99497.0,0.0,0.0,0.0,502.0,1.0,1.0,1.0,,,,,,,,,
collections_12_mths_ex_med,99999.0,0.0,0.0,99999.0,7.0,0.02187021870218702,0.0,0.1623952762905948,7.0,7.0,7.0,2.0,1.0,0.0,0.0,99999.0,0.0,0.0,0.0,0.0,0.0,0.0,0.0,0.0,0.0,0.0,0.0,0.0,0.0,1.0,7.0
sec_app_fico_range_high,99999.0,0.0,0.0,0.0,0.0,0.0,0.0,0.0,0.0,0.0,0.0,1.0,1.0,0.0,99999.0,0.0,0.0,0.0,0.0,0.0,0.0,0.0,,,,,,,,,
total_bc_limit,99999.0,0.0,0.0,99999.0,317000.0,22509.737497374972,0.0,22337.65144713102,2759.0,2759.0,2759.0,2.0,1.0,0.0,0.0,99999.0,0.0,0.0,0.0,0.0,0.0,0.0,0.0,300.0,2250.0,7900.0,15600.0,29500.0,67200.0,100100.0,317000.0
inq_last_12m,99999.0,0.0,0.0,21372.0,32.0,2.234091334456298,0.0,2.4802418996648896,28.0,28.0,28.0,1.0,0.7862778627786278,0.0,78627.0,21372.0,0.0,0.0,0.0,0.0,0.0,0.0,0.0,0.0,0.0,0.0,2.0,3.0,7.0,11.0,32.0
bc_open_to_buy,99999.0,0.0,0.0,99017.0,263953.0,10148.091438843834,0.0,15343.599577716908,29606.299524468086,29175.906701263633,30042.972864701296,2.0,0.9901799017990179,0.0,982.0,99017.0,0.0,0.0,0.0,0.0,0.0,0.0,0.0,0.0,101.0,1404.0,4696.0,12190.0,38130.0,71377.0,263953.0
sub_grade,99999.0,0.0,0.0,0.0,0.0,0.0,0.0,0.0,0.0,0.0,0.0,5.0,1.0,0.0,0.0,0.0,0.0,0.0,99999.0,35.0,35.0,35.0,,,,,,,,,
chargeoff_within_12_mths,99999.0,0.0,0.0,99999.0,7.0,0.01052010520105201,0.0,0.1175993413475885,8.0,8.0,8.0,2.0,1.0,0.0,0.0,99999.0,0.0,0.0,0.0,0.0,0.0,0.0,0.0,0.0,0.0,0.0,0.0,0.0,0.0,1.0,7.0
settlement_term,99999.0,0.0,0.0,2949.0,65.0,13.609698202780603,0.0,7.422959419066635,30.0,30.0,30.0,1.0,0.9705097050970509,0.0,97050.0,2949.0,0.0,0.0,0.0,0.0,0.0,0.0,0.0,1.0,1.0,8.0,14.0,18.0,24.0,24.0,65.0
open_il_24m,99999.0,0.0,0.0,21372.0,19.0,1.674574209245742,0.0,1.6887251954651232,17.0,17.0,17.0,1.0,0.7862778627786278,0.0,78627.0,21372.0,0.0,0.0,0.0,0.0,0.0,0.0,0.0,0.0,0.0,0.0,1.0,2.0,5.0,7.0,19.0
revol_bal_joint,99999.0,0.0,0.0,0.0,0.0,0.0,0.0,0.0,0.0,0.0,0.0,1.0,1.0,0.0,99999.0,0.0,0.0,0.0,0.0,0.0,0.0,0.0,,,,,,,,,
acc_now_delinq,99999.0,0.0,0.0,99999.0,4.0,0.005920059200592006,0.0,0.08139462974451973,5.0,5.0,5.0,2.0,1.0,0.0,0.0,99999.0,0.0,0.0,0.0,0.0,0.0,0.0,0.0,0.0,0.0,0.0,0.0,0.0,0.0,0.0,4.0
sec_app_num_rev_accts,99999.0,0.0,0.0,0.0,0.0,0.0,0.0,0.0,0.0,0.0,0.0,1.0,1.0,0.0,99999.0,0.0,0.0,0.0,0.0,0.0,0.0,0.0,,,,,,,,,
pct_tl_nvr_dlq,99999.0,0.0,0.0,99999.0,100.0,93.85926159262111,11.1,8.982105029611665,455.0,455.0,455.0,2.0,1.0,0.0,0.0,99999.0,0.0,0.0,0.0,0.0,0.0,0.0,11.100000381469727,61.5,75.0,90.9000015258789,97.4000015258789,100.0,100.0,100.0,100.0
open_act_il,99999.0,0.0,0.0,21372.0,40.0,2.928832116788321,0.0,3.089987193016829,35.0,35.0,35.0,1.0,0.7862778627786278,0.0,78627.0,21372.0,0.0,0.0,0.0,0.0,0.0,0.0,0.0,0.0,0.0,1.0,2.0,3.0,9.0,14.0,40.0
hardship_dpd,99999.0,0.0,0.0,781.0,30.0,14.26248399487836,0.0,9.720266350487673,31.0,31.0,31.0,1.0,0.992189921899219,0.0,99218.0,781.0,0.0,0.0,0.0,0.0,0.0,0.0,0.0,0.0,0.0,7.0,15.0,23.0,28.0,29.0,30.0
percent_bc_gt_75,99999.0,0.0,0.0,98941.0,100.0,46.03065867537283,0.0,36.41750217026902,148.0,148.0,148.0,2.0,0.9894198941989419,0.0,1058.0,98941.0,0.0,0.0,0.0,0.0,0.0,0.0,0.0,0.0,0.0,12.5,50.0,75.0,100.0,100.0,100.0
zip_code,99999.0,0.0,0.0,0.0,0.0,0.0,0.0,0.0,0.0,0.0,0.0,5.0,1.0,0.0,0.0,0.0,0.0,0.0,99999.0,880.0,880.0,880.0,,,,,,,,,
sec_app_collections_12_mths_ex_med,99999.0,0.0,0.0,0.0,0.0,0.0,0.0,0.0,0.0,0.0,0.0,1.0,1.0,0.0,99999.0,0.0,0.0,0.0,0.0,0.0,0.0,0.0,,,,,,,,,
num_il_tl,99999.0,0.0,0.0,99999.0,104.0,8.69669696696967,0.0,7.506321008802111,85.0,85.0,85.0,2.0,1.0,0.0,0.0,99999.0,0.0,0.0,0.0,0.0,0.0,0.0,0.0,0.0,1.0,4.0,7.0,11.0,24.0,35.0,104.0
hardship_flag,99999.0,0.0,0.0,0.0,0.0,0.0,0.0,0.0,0.0,0.0,0.0,5.0,1.0,0.0,0.0,0.0,0.0,0.0,99999.0,2.0,2.0,2.0,,,,,,,,,
mo_sin_old_rev_tl_op,99999.0,0.0,0.0,99999.0,791.0,187.11646116461165,4.0,96.46360205519636,651.0,651.0,651.0,2.0,1.0,0.0,0.0,99999.0,0.0,0.0,0.0,0.0,0.0,0.0,4.0,26.0,52.0,120.0,170.0,238.0,367.0,467.0,791.0
last_pymnt_amnt,99999.0,0.0,0.0,99999.0,36307.01,4176.571200811999,0.0,6388.689113176945,66868.24990025535,65854.97192898772,67896.97669739703,2.0,1.0,0.0,0.0,99999.0,0.0,0.0,0.0,0.0,0.0,0.0,0.0,1.2999999523162842,65.38999938964844,332.1000061035156,752.8499755859375,5871.75,18655.7890625,28401.6796875,36307.01171875
bc_util,99999.0,0.0,0.0,98964.0,235.3,61.00742694313126,0.0,27.955165825928617,1179.0,1179.0,1179.0,2.0,0.989649896498965,0.0,1035.0,98964.0,0.0,0.0,0.0,0.0,0.0,0.0,0.0,0.699999988079071,10.899999618530273,39.70000076293945,64.19999694824219,86.19999694824219,98.5999984741211,101.19999694824219,235.3000030517578
sec_app_fico_range_low,99999.0,0.0,0.0,0.0,0.0,0.0,0.0,0.0,0.0,0.0,0.0,1.0,1.0,0.0,99999.0,0.0,0.0,0.0,0.0,0.0,0.0,0.0,,,,,,,,,
emp_title,99999.0,0.0,0.0,3.0,911.0,369.6666666666667,5.0,478.13944967272187,3.0,3.0,3.0,5.0,0.938619386193862,2.0,6133.0,0.0,3.0,0.0,93861.0,37610.49706686357,37054.77400894044,38174.47009071456,5.0,5.0,5.0,5.0,193.0,911.0,911.0,911.0,911.0
home_ownership,99999.0,0.0,0.0,0.0,0.0,0.0,0.0,0.0,0.0,0.0,0.0,5.0,1.0,0.0,0.0,0.0,0.0,0.0,99999.0,4.0,4.0,4.0,,,,,,,,,
debt_settlement_flag,99999.0,0.0,0.0,0.0,0.0,0.0,0.0,0.0,0.0,0.0,0.0,5.0,1.0,0.0,0.0,0.0,0.0,0.0,99999.0,2.0,2.0,2.0,,,,,,,,,
mths_since_last_major_derog,99999.0,0.0,0.0,29371.0,157.0,44.16843144598413,0.0,21.485109594189073,128.0,128.0,128.0,1.0,0.7062870628706287,0.0,70628.0,29371.0,0.0,0.0,0.0,0.0,0.0,0.0,0.0,4.0,9.0,27.0,44.0,63.0,76.0,83.0,157.0
tot_hi_cred_lim,99999.0,0.0,0.0,99999.0,9999999.0,176852.44527445274,2500.0,178719.42397535223,79350.33914433932,78141.95281400575,80577.2455025571,2.0,1.0,0.0,0.0,99999.0,0.0,0.0,0.0,0.0,0.0,0.0,2500.0,10000.0,20300.0,52600.0,116003.0,256145.0,515879.0,822179.0,9999999.0
collection_recovery_fee,99999.0,0.0,0.0,99999.0,6013.2888000002,39.25782157420211,0.0,168.77452473086382,11178.2999070581,11038.28001384659,11320.065847976774,2.0,1.0,0.0,0.0,99999.0,0.0,0.0,0.0,0.0,0.0,0.0,0.0,0.0,0.0,0.0,0.0,0.0,277.76519775390625,724.0751953125,6013.28857421875
sec_app_open_act_il,99999.0,0.0,0.0,0.0,0.0,0.0,0.0,0.0,0.0,0.0,0.0,1.0,1.0,0.0,99999.0,0.0,0.0,0.0,0.0,0.0,0.0,0.0,,,,,,,,,
total_pymnt,99999.0,0.0,0.0,99999.0,57291.0011480969,15155.843723507263,0.0,9721.805835525991,92230.505096991,90820.81175503864,93661.88761220501,2.0,1.0,0.0,0.0,99999.0,0.0,0.0,0.0,0.0,0.0,0.0,0.0,1261.31005859375,2931.530029296875,7639.23779296875,13063.42578125,21024.884765625,35004.75,42624.9140625,57291.0
open_rv_12m,99999.0,0.0,0.0,21372.0,22.0,1.389060452929066,0.0,1.5201293497879704,18.0,18.0,18.0,1.0,0.7862778627786278,0.0,78627.0,21372.0,0.0,0.0,0.0,0.0,0.0,0.0,0.0,0.0,0.0,0.0,1.0,2.0,4.0,6.0,22.0
acc_open_past_24mths,99999.0,0.0,0.0,99999.0,64.0,4.71519715197152,0.0,3.2440928827106887,40.0,40.0,40.0,2.0,1.0,0.0,0.0,99999.0,0.0,0.0,0.0,0.0,0.0,0.0,0.0,0.0,1.0,2.0,4.0,6.0,11.0,16.0,64.0
num_bc_sats,99999.0,0.0,0.0,99999.0,39.0,4.803138031380314,0.0,3.1028016856421075,39.0,39.0,39.0,2.0,1.0,0.0,0.0,99999.0,0.0,0.0,0.0,0.0,0.0,0.0,0.0,0.0,1.0,3.0,4.0,6.0,11.0,16.0,39.0
total_rev_hi_lim,99999.0,0.0,0.0,99999.0,888800.0,34503.24292242922,0.0,34710.00212867848,4740.32111557171,4712.015599936607,4768.787269535305,2.0,1.0,0.0,0.0,99999.0,0.0,0.0,0.0,0.0,0.0,0.0,0.0,2700.0,6000.0,14400.0,25200.0,43300.0,92000.0,208800.0,888800.0
total_cu_tl,99999.0,0.0,0.0,21372.0,35.0,1.5370578326782707,0.0,2.7233391655447496,33.0,33.0,33.0,1.0,0.7862778627786278,0.0,78627.0,21372.0,0.0,0.0,0.0,0.0,0.0,0.0,0.0,0.0,0.0,0.0,0.0,2.0,7.0,12.0,35.0
hardship_loan_status,99999.0,0.0,0.0,0.0,0.0,0.0,0.0,0.0,0.0,0.0,0.0,1.0,0.992189921899219,0.0,99218.0,0.0,0.0,0.0,781.0,4.0,4.0,4.0,,,,,,,,,
earliest_cr_line,99999.0,0.0,0.0,0.0,0.0,0.0,0.0,0.0,0.0,0.0,0.0,5.0,1.0,0.0,0.0,0.0,0.0,0.0,99999.0,620.0,620.0,620.0,,,,,,,,,
mo_sin_rcnt_tl,99999.0,0.0,0.0,99999.0,197.0,7.80669806698067,0.0,9.051261417228664,140.0,140.0,140.0,2.0,1.0,0.0,0.0,99999.0,0.0,0.0,0.0,0.0,0.0,0.0,0.0,0.0,1.0,3.0,5.0,10.0,22.0,39.0,197.0
il_util,99999.0,0.0,0.0,18617.0,223.0,71.58049094913251,0.0,23.021964104681757,160.0,160.0,160.0,1.0,0.8138281382813828,0.0,81382.0,18617.0,0.0,0.0,0.0,0.0,0.0,0.0,0.0,3.0,27.0,59.0,75.0,88.0,101.0,116.0,223.0
total_pymnt_inv,99999.0,0.0,0.0,99999.0,57291.0,15147.267534475648,0.0,9716.174867059333,88667.52462527512,87313.51610400133,90042.34565406742,2.0,1.0,0.0,0.0,99999.0,0.0,0.0,0.0,0.0,0.0,0.0,0.0,1239.0999755859375,2885.72998046875,7581.8701171875,13006.0302734375,20938.119140625,35068.03125,42225.359375,57291.0
num_actv_rev_tl,99999.0,0.0,0.0,99999.0,42.0,5.707037070370704,0.0,3.394861423065378,41.0,41.0,41.0,2.0,1.0,0.0,0.0,99999.0,0.0,0.0,0.0,0.0,0.0,0.0,0.0,1.0,2.0,3.0,5.0,7.0,12.0,18.0,42.0
addr_state,99999.0,0.0,0.0,0.0,0.0,0.0,0.0,0.0,0.0,0.0,0.0,5.0,1.0,0.0,0.0,0.0,0.0,0.0,99999.0,49.0,49.0,49.0,,,,,,,,,
grade,99999.0,0.0,0.0,0.0,0.0,0.0,0.0,0.0,0.0,0.0,0.0,5.0,1.0,0.0,0.0,0.0,0.0,0.0,99999.0,7.0,7.0,7.0,,,,,,,,,
total_rec_late_fee,99999.0,0.0,0.0,99999.0,1098.360001362,2.057948320067066,-2e-10,14.364859640004392,2349.0,2349.0,2349.0,2.0,1.0,0.0,0.0,99999.0,0.0,0.0,0.0,0.0,0.0,0.0,-2.000000026702864e-10,0.0,0.0,0.0,0.0,0.0,15.0,58.619998931884766,1098.3599853515625
out_prncp_inv,99999.0,0.0,0.0,99999.0,22692.22,1001.1506389063911,0.0,2938.037928731073,8829.763766962185,8727.750490933915,8932.945078106477,2.0,1.0,0.0,0.0,99999.0,0.0,0.0,0.0,0.0,0.0,0.0,0.0,0.0,0.0,0.0,0.0,0.0,8549.240234375,13581.3701171875,22692.220703125
deferral_term,99999.0,0.0,0.0,781.0,3.0,3.0,3.0,0.0,1.0,1.0,1.0,1.0,0.992189921899219,0.0,99218.0,781.0,0.0,0.0,0.0,0.0,0.0,0.0,3.0,3.0,3.0,3.0,3.0,3.0,3.0,3.0,3.0
fico_range_high,99999.0,0.0,0.0,99999.0,850.0,698.5928259282592,664.0,30.827128428871816,38.0,38.0,38.0,2.0,1.0,0.0,0.0,99999.0,0.0,0.0,0.0,0.0,0.0,0.0,664.0,664.0,664.0,674.0,689.0,714.0,764.0,804.0,850.0
application_type,99999.0,0.0,0.0,0.0,0.0,0.0,0.0,0.0,0.0,0.0,0.0,5.0,1.0,0.0,0.0,0.0,0.0,0.0,99999.0,2.0,2.0,2.0,,,,,,,,,
hardship_end_date,99999.0,0.0,0.0,0.0,0.0,0.0,0.0,0.0,0.0,0.0,0.0,1.0,0.992189921899219,0.0,99218.0,0.0,0.0,0.0,781.0,27.0,27.0,27.0,,,,,,,,,
last_pymnt_d,99999.0,0.0,0.0,0.0,0.0,0.0,0.0,0.0,0.0,0.0,0.0,5.0,0.999289992899929,0.0,71.0,0.0,0.0,0.0,99928.0,42.0,42.0,42.0,,,,,,,,,
open_rv_24m,99999.0,0.0,0.0,21372.0,43.0,2.9754819389855887,0.0,2.6318859876071943,28.0,28.0,28.0,1.0,0.7862778627786278,0.0,78627.0,21372.0,0.0,0.0,0.0,0.0,0.0,0.0,0.0,0.0,0.0,1.0,2.0,4.0,8.0,11.0,43.0
revol_bal,99999.0,0.0,0.0,99999.0,898146.0,17672.959419594197,0.0,23709.09938265606,37731.36964999982,37173.75488711453,38297.264119642066,2.0,1.0,0.0,0.0,99999.0,0.0,0.0,0.0,0.0,0.0,0.0,0.0,393.0,1900.0,6278.0,11777.0,21197.0,47602.0,114676.0,898146.0
total_bal_il,99999.0,0.0,0.0,21372.0,878459.0,36552.811388732924,0.0,43103.8336191937,17456.442667811392,17216.83084467707,17699.345445605984,1.0,0.7862778627786278,0.0,78627.0,21372.0,0.0,0.0,0.0,0.0,0.0,0.0,0.0,0.0,0.0,10409.0,24615.0,48274.0,114212.0,219492.0,878459.0
mort_acc,99999.0,0.0,0.0,99999.0,35.0,1.6580965809658097,0.0,1.9419677252223004,24.0,24.0,24.0,2.0,1.0,0.0,0.0,99999.0,0.0,0.0,0.0,0.0,0.0,0.0,0.0,0.0,0.0,0.0,1.0,3.0,5.0,8.0,35.0
mo_sin_old_il_acct,99999.0,0.0,0.0,97221.0,651.0,127.50939611812262,0.0,52.30421263135779,420.0,420.0,420.0,2.0,0.972219722197222,0.0,2778.0,97221.0,0.0,0.0,0.0,0.0,0.0,0.0,0.0,11.0,32.0,100.0,130.0,154.0,217.0,273.0,651.0
emp_length,99999.0,0.0,0.0,0.0,0.0,0.0,0.0,0.0,0.0,0.0,0.0,5.0,0.938879388793888,0.0,6112.0,0.0,0.0,0.0,93887.0,11.0,11.0,11.0,,,,,,,,,
int_rate,99999.0,0.0,0.0,99999.0,28.99,12.200500205003525,5.32,4.137513304887889,81.0,81.0,81.0,2.0,1.0,0.0,0.0,99999.0,0.0,0.0,0.0,0.0,0.0,0.0,5.320000171661377,5.320000171661377,6.239999771118164,9.170000076293945,11.989999771118164,14.329999923706055,18.989999771118164,23.989999771118164,28.989999771118164
pymnt_plan,99999.0,0.0,0.0,0.0,0.0,0.0,0.0,0.0,0.0,0.0,0.0,5.0,1.0,0.0,0.0,0.0,0.0,0.0,99999.0,2.0,2.0,2.0,,,,,,,,,
all_util,99999.0,0.0,0.0,21372.0,151.0,60.88199513381995,0.0,20.013841534437805,139.0,139.0,139.0,1.0,0.7862778627786278,0.0,78627.0,21372.0,0.0,0.0,0.0,0.0,0.0,0.0,0.0,12.0,26.0,48.0,62.0,75.0,92.0,103.0,151.0
url,99999.0,0.0,0.0,0.0,0.0,0.0,0.0,0.0,0.0,0.0,0.0,5.0,1.0,0.0,0.0,0.0,0.0,0.0,99999.0,100552.53319563594,99012.7814293278,102116.0217566205,,,,,,,,,
mo_sin_rcnt_rev_tl_op,99999.0,0.0,0.0,99999.0,315.0,13.53760537605376,0.0,17.373149394287513,200.0,200.0,200.0,2.0,1.0,0.0,0.0,99999.0,0.0,0.0,0.0,0.0,0.0,0.0,0.0,0.0,1.0,4.0,8.0,16.0,47.0,91.0,315.0
payment_plan_start_date,99999.0,0.0,0.0,0.0,0.0,0.0,0.0,0.0,0.0,0.0,0.0,1.0,0.992189921899219,0.0,99218.0,0.0,0.0,0.0,781.0,26.0,26.0,26.0,,,,,,,,,
hardship_reason,99999.0,0.0,0.0,0.0,0.0,0.0,0.0,0.0,0.0,0.0,0.0,1.0,0.992189921899219,0.0,99218.0,0.0,0.0,0.0,781.0,9.0,9.0,9.0,,,,,,,,,
out_prncp,99999.0,0.0,0.0,99999.0,22692.22,1001.743482334825,0.0,2939.8636284198205,8354.925082359225,8260.723871606071,8450.177447185219,2.0,1.0,0.0,0.0,99999.0,0.0,0.0,0.0,0.0,0.0,0.0,0.0,0.0,0.0,0.0,0.0,0.0,8602.740234375,14169.1298828125,22692.220703125
fico_range_low,99999.0,0.0,0.0,99999.0,845.0,694.5926959269593,660.0,30.8264920239595,38.0,38.0,38.0,2.0,1.0,0.0,0.0,99999.0,0.0,0.0,0.0,0.0,0.0,0.0,660.0,660.0,660.0,670.0,685.0,710.0,755.0,800.0,845.0
total_bal_ex_mort,99999.0,0.0,0.0,99999.0,1684313.0,52977.069500695005,0.0,49357.20329696887,65682.13301029339,64687.39697835487,66692.02602536649,2.0,1.0,0.0,0.0,99999.0,0.0,0.0,0.0,0.0,0.0,0.0,0.0,2648.0,7619.0,22727.0,40395.0,66782.0,142829.0,242390.0,1684313.0
hardship_length,99999.0,0.0,0.0,781.0,3.0,3.0,3.0,0.0,1.0,1.0,1.0,1.0,0.992189921899219,0.0,99218.0,781.0,0.0,0.0,0.0,0.0,0.0,0.0,3.0,3.0,3.0,3.0,3.0,3.0,3.0,3.0,3.0
open_acc,99999.0,0.0,0.0,99999.0,67.0,11.94910949109491,1.0,5.683096526870242,58.0,58.0,58.0,2.0,1.0,0.0,0.0,99999.0,0.0,0.0,0.0,0.0,0.0,0.0,1.0,3.0,5.0,8.0,11.0,15.0,23.0,29.0,67.0
